ID,SPECIES,MPCR,MPCRGroup,CARBA5,CARBA5Group,mCIMeCIM,CPO,Name,FirstAll_mCIM,Conventional_mCIM,FirstAll_mCIM_All,FirstAll_MPCR,Conventional_MPCR
32951,KP,KPC,KPC/OXA,KPC,KPC/OXA,mCIM(+)/eCIM(+),Class Unknown,Klebsiella pneumoniae,(+),(+),(+),KPC,KPC
32957,KP,KPC,KPC/OXA,Negative,Negative,mCIM(-)/eCIM(-),Negative,Klebsiella pneumoniae,(-),(-),(-),KPC,Negative
32959,KP,KPC,KPC/OXA,Negative,Negative,mCIM(-)/eCIM(-),Negative,Klebsiella pneumoniae,(-),(-),(-),KPC,Negative
32962,KP,KPC,KPC/OXA,Negative,Negative,mCIM(-)/eCIM(-),Negative,Klebsiella pneumoniae,(-),(+),(-),KPC,KPC
32964,KP,KPC,KPC/OXA,Negative,Negative,mCIM(-)/eCIM(-),Negative,Klebsiella pneumoniae,(-),(+),(-),KPC,Negative
32967,KP,KPC,KPC/OXA,Negative,Negative,mCIM(-)/eCIM(-),Negative,Klebsiella pneumoniae,(-),(+),(-),KPC,KPC
32969,KP,KPC,KPC/OXA,Negative,Negative,mCIM(-)/eCIM(-),Negative,Klebsiella pneumoniae,(-),(+),(-),KPC,KPC
32971,KP,KPC,KPC/OXA,KPC,KPC/OXA,mCIM(+)/eCIM(-),Class Unknown,Klebsiella pneumoniae,(+),(+),(+),KPC,KPC
32977,KP,KPC,KPC/OXA,KPC,KPC/OXA,mCIM(+)/eCIM(-),Class A or D,Klebsiella pneumoniae,(+),(+),(+),KPC,KPC
32983,KP,KPC,KPC/OXA,Negative,Negative,mCIM(+)/eCIM(-),Class Unknown,Klebsiella pneumoniae,(+),(+),(+),KPC,KPC
32986,KP,KPC,KPC/OXA,Negative,Negative,mCIM(+)/eCIM(-),Class Unknown,Klebsiella pneumoniae,(+),(+),(+),KPC,KPC
32989,KP,KPC+OXA,Others,Negative,Negative,mCIM(-)/eCIM(-),Negative,Klebsiella pneumoniae,(-),(+),(-),KPC+OXA,KPC
32991,KP,KPC,KPC/OXA,Negative,Negative,mCIM(-)/eCIM(-),Class Unknown,Klebsiella pneumoniae,(-),(-),(-),KPC,KPC
32997,KP,KPC+OXA,Others,Negative,Negative,mCIM(-)/eCIM(-),Negative,Klebsiella pneumoniae,(-),(+),(-),KPC+OXA,KPC+OXA
33000,KP,KPC+OXA,Others,Negative,Negative,mCIM(-)/eCIM(-),Negative,Klebsiella pneumoniae,(-),(+),(-),KPC+OXA,KPC+OXA+NDM
33002,KP,KPC,KPC/OXA,KPC,KPC/OXA,mCIM(+)/eCIM(-),Class Unknown,Klebsiella pneumoniae,(+),(+),(+),KPC,KPC+OXA
33009,KP,KPC,KPC/OXA,KPC,KPC/OXA,mCIM(+)/eCIM(-),Class Unknown,Klebsiella pneumoniae,(+),(+),(+),KPC,KPC
33011,KP,KPC,KPC/OXA,KPC,KPC/OXA,mCIM(+)/eCIM(-),Class Unknown,Klebsiella pneumoniae,(+),(+),(+),KPC,KPC
33014,KP,KPC,KPC/OXA,Negative,Negative,mCIM(-)/eCIM(-),Negative,Klebsiella pneumoniae,(-),(+),(-),KPC,Negative
33020,KP,KPC,KPC/OXA,KPC+IMP,Others,mCIM(+)/eCIM(-),Class Unknown,Klebsiella pneumoniae,(+),(+),(+),KPC,KPC
33022,KP,KPC,KPC/OXA,KPC,KPC/OXA,mCIM(+)/eCIM(-),Class Unknown,Klebsiella pneumoniae,(+),(+),(+),KPC,KPC
33023,KP,KPC,KPC/OXA,KPC,KPC/OXA,mCIM(+)/eCIM(-),Class Unknown,Klebsiella pneumoniae,(+),(+),(+),KPC,KPC
33027,KP,KPC,KPC/OXA,Negative,Negative,mCIM(-)/eCIM(-),Negative,Klebsiella pneumoniae,(-),(+),(-),KPC,Negative
33030,KP,KPC,KPC/OXA,Negative,Negative,mCIM(+)/eCIM(+),Class Unknown,Klebsiella pneumoniae,(+),(+),(+),KPC,KPC
33031,KP,KPC,KPC/OXA,Negative,Negative,mCIM(+)/eCIM(-),Class Unknown,Klebsiella pneumoniae,(+),(+),(+),KPC,KPC
33032,KP,KPC,KPC/OXA,KPC,KPC/OXA,mCIM(+)/eCIM(+),Class A or D,Klebsiella pneumoniae,(+),(+),(+),KPC,KPC
33033,KP,KPC,KPC/OXA,KPC,KPC/OXA,mCIM(+)/eCIM(-),Class Unknown,Klebsiella pneumoniae,(+),(+),(+),KPC,KPC
33038,KP,KPC,KPC/OXA,KPC,KPC/OXA,mCIM(+)/eCIM(-),Class Unknown,Klebsiella pneumoniae,(+),(+),(+),KPC,KPC
33046,KP,KPC,KPC/OXA,Negative,Negative,mCIM(-)/eCIM(-),Negative,Klebsiella pneumoniae,(-),(+),(-),KPC,KPC
33052,KP,KPC,KPC/OXA,Negative,Negative,mCIM(-)/eCIM(-),Negative,Klebsiella pneumoniae,(-),(+),(-),KPC,Negative
33055,KP,KPC,KPC/OXA,KPC,KPC/OXA,mCIM(+)/eCIM(-),Class Unknown,Klebsiella pneumoniae,(+),(+),(+),KPC,KPC
33056,KP,KPC+OXA,Others,KPC+OXA,Others,mCIM(+)/eCIM(-),Class A or D,Klebsiella pneumoniae,(+),(+),(+),KPC+OXA,KPC
33058,KP,KPC,KPC/OXA,KPC,KPC/OXA,mCIM(+)/eCIM(-),Class Unknown,Klebsiella pneumoniae,(+),(+),(+),KPC,KPC
33059,KP,KPC,KPC/OXA,Negative,Negative,mCIM(-)/eCIM(-),Negative,Klebsiella pneumoniae,(-),(-),(-),KPC,Negative
33064,KP,KPC,KPC/OXA,KPC,KPC/OXA,mCIM(+)/eCIM(-),Class Unknown,Klebsiella pneumoniae,(+),(+),(+),KPC,KPC
33076,KP,KPC,KPC/OXA,KPC,KPC/OXA,mCIM(+)/eCIM(-),Class A or D,Klebsiella pneumoniae,(+),(+),(+),KPC,KPC
33079,KP,KPC+OXA,Others,OXA,KPC/OXA,mCIM(+)/eCIM(-),Class A or D,Klebsiella pneumoniae,(+),(+),(+),KPC+OXA,OXA
33091,KP,KPC,KPC/OXA,KPC,KPC/OXA,mCIM(+)/eCIM(-),Class Unknown,Klebsiella pneumoniae,(+),(+),(+),KPC,KPC
33094,KP,KPC+OXA+NDM,Others,NDM,IMP/NDM/VIM,mCIM(-)/eCIM(-),Negative,Klebsiella pneumoniae,(-),(-),(-),KPC+OXA+NDM,KPC
33115,KP,KPC,KPC/OXA,KPC,KPC/OXA,mCIM(+)/eCIM(-),Class Unknown,Klebsiella pneumoniae,(+),(+),(+),KPC,KPC
33120,KP,KPC+OXA,Others,KPC,KPC/OXA,mCIM(+)/eCIM(-),Class A or D,Klebsiella pneumoniae,(+),(+),(+),KPC+OXA,KPC
33122,KP,KPC,KPC/OXA,KPC,KPC/OXA,mCIM(+)/eCIM(+),Class Unknown,Klebsiella pneumoniae,(+),(+),(+),KPC,KPC
33128,KP,KPC,KPC/OXA,KPC,KPC/OXA,mCIM(+)/eCIM(+),Class Unknown,Klebsiella pneumoniae,(+),(+),(+),KPC,KPC
33138,KP,KPC,KPC/OXA,KPC,KPC/OXA,mCIM(+)/eCIM(-),Class Unknown,Klebsiella pneumoniae,(+),(+),(+),KPC,KPC
33140,KP,KPC+OXA,Others,Negative,Negative,mCIM(-)/eCIM(-),Negative,Klebsiella pneumoniae,(-),(-),(-),KPC+OXA,Negative
33141,KP,KPC,KPC/OXA,Negative,Negative,mCIM(-)/eCIM(-),Negative,Klebsiella pneumoniae,(-),(-),(-),KPC,Negative
33149,KP,KPC,KPC/OXA,Negative,Negative,mCIM(+)/eCIM(-),Class A or D,Klebsiella pneumoniae,(+),(+),(+),KPC,KPC
33152,KP,KPC,KPC/OXA,KPC,KPC/OXA,mCIM(+)/eCIM(-),Class A or D,Klebsiella pneumoniae,(+),(+),(+),KPC,KPC
33158,KP,KPC,KPC/OXA,KPC,KPC/OXA,mCIM(+)/eCIM(-),Class Unknown,Klebsiella pneumoniae,(+),(+),(+),KPC,KPC
33168,KP,KPC+OXA,Others,Negative,Negative,mCIM(-)/eCIM(-),Negative,Klebsiella pneumoniae,(-),(-),(-),KPC+OXA,Negative
33170,KP,KPC+OXA,Others,Negative,Negative,mCIM(-)/eCIM(-),Class Unknown,Klebsiella pneumoniae,(-),(-),(-),KPC+OXA,KPC+OXA
33185,KP,KPC,KPC/OXA,KPC,KPC/OXA,mCIM(+)/eCIM(-),Class A or D,Klebsiella pneumoniae,(+),(+),(+),KPC,KPC
33213,KP,KPC,KPC/OXA,KPC,KPC/OXA,mCIM(+)/eCIM(+),Class Unknown,Klebsiella pneumoniae,(+),(+),(+),KPC,KPC
33219,KP,KPC,KPC/OXA,KPC,KPC/OXA,mCIM(+)/eCIM(-),Class A or D,Klebsiella pneumoniae,(+),(+),(+),KPC,KPC
33228,KP,KPC,KPC/OXA,KPC,KPC/OXA,mCIM(+)/eCIM(+),Class Unknown,Klebsiella pneumoniae,(+),(+),(+),KPC,KPC
33246,KP,KPC+OXA+NDM,Others,Negative,Negative,mCIM(-)/eCIM(-),Negative,Klebsiella pneumoniae,(-),(-),(-),KPC+OXA+NDM,Negative
33253,KP,KPC+OXA+NDM,Others,Negative,Negative,mCIM(-)/eCIM(-),Class Unknown,Klebsiella pneumoniae,(-),(-),(-),KPC+OXA+NDM,KPC+OXA
33254,KP,KPC,KPC/OXA,KPC,KPC/OXA,mCIM(+)/eCIM(-),Class Unknown,Klebsiella pneumoniae,(+),(+),(+),KPC,KPC
33255,KP,KPC+OXA,Others,Negative,Negative,mCIM(-)/eCIM(-),Class Unknown,Klebsiella pneumoniae,(-),(-),(-),KPC+OXA,KPC+OXA
33256,KP,KPC+OXA+NDM,Others,NDM,IMP/NDM/VIM,mCIM(-)/eCIM(-),Class B,Klebsiella pneumoniae,(-),(-),(-),KPC+OXA+NDM,KPC
33269,KP,KPC+OXA,Others,Negative,Negative,mCIM(-)/eCIM(-),Negative,Klebsiella pneumoniae,(-),(-),(-),KPC+OXA,Negative
33270,KP,KPC,KPC/OXA,KPC,KPC/OXA,mCIM(+)/eCIM(-),Class A or D,Klebsiella pneumoniae,(+),(+),(+),KPC,KPC
33271,KP,KPC,KPC/OXA,KPC,KPC/OXA,mCIM(+)/eCIM(-),Class A or D,Klebsiella pneumoniae,(+),(+),(+),KPC,KPC
33272,KP,KPC,KPC/OXA,KPC,KPC/OXA,mCIM(+)/eCIM(-),Class Unknown,Klebsiella pneumoniae,(+),(+),(+),KPC,KPC
33273,KP,KPC,KPC/OXA,KPC,KPC/OXA,mCIM(+)/eCIM(+),Class Unknown,Klebsiella pneumoniae,(+),(+),(+),KPC,KPC
33275,KP,KPC,KPC/OXA,KPC,KPC/OXA,mCIM(+)/eCIM(-),Class Unknown,Klebsiella pneumoniae,(+),(+),(+),KPC,KPC
33281,KP,KPC,KPC/OXA,Negative,Negative,mCIM(-)/eCIM(-),Negative,Klebsiella pneumoniae,(-),(-),(-),KPC,Negative
33283,KP,KPC,KPC/OXA,Negative,Negative,mCIM(-)/eCIM(-),Negative,Klebsiella pneumoniae,(-),(-),(-),KPC,Negative
33284,KP,KPC,KPC/OXA,Negative,Negative,mCIM(-)/eCIM(-),Negative,Klebsiella pneumoniae,(-),(-),(-),KPC,Negative
33288,KP,KPC,KPC/OXA,Negative,Negative,mCIM(-)/eCIM(-),Negative,Klebsiella pneumoniae,(-),(-),(-),KPC,Negative
33291,KP,KPC,KPC/OXA,KPC,KPC/OXA,mCIM(+)/eCIM(-),Class Unknown,Klebsiella pneumoniae,(+),(+),(+),KPC,KPC
33294,KP,KPC,KPC/OXA,KPC,KPC/OXA,mCIM(+)/eCIM(-),Class Unknown,Klebsiella pneumoniae,(+),(+),(+),KPC,KPC
33302,KP,KPC,KPC/OXA,KPC,KPC/OXA,mCIM(+)/eCIM(-),Class Unknown,Klebsiella pneumoniae,(+),(+),(+),KPC,KPC
33303,KP,KPC,KPC/OXA,KPC,KPC/OXA,mCIM(+)/eCIM(-),Class A or D,Klebsiella pneumoniae,(+),(+),(+),KPC,KPC
33304,KP,KPC,KPC/OXA,KPC,KPC/OXA,mCIM(+)/eCIM(-),Class A or D,Klebsiella pneumoniae,(+),(+),(+),KPC,KPC
33305,KP,KPC,KPC/OXA,KPC,KPC/OXA,mCIM(+)/eCIM(-),Class A or D,Klebsiella pneumoniae,(+),(+),(+),KPC,KPC
33310,KP,KPC,KPC/OXA,Negative,Negative,mCIM(-)/eCIM(-),Negative,Klebsiella pneumoniae,(-),(-),(-),KPC,Negative
33313,KP,KPC,KPC/OXA,KPC,KPC/OXA,mCIM(+)/eCIM(-),Class A or D,Klebsiella pneumoniae,(+),(+),(+),KPC,KPC
33315,KP,KPC,KPC/OXA,KPC,KPC/OXA,mCIM(+)/eCIM(+),Class Unknown,Klebsiella pneumoniae,(+),(-),(+),KPC,KPC
33319,KP,KPC,KPC/OXA,KPC,KPC/OXA,mCIM(+)/eCIM(-),Class A or D,Klebsiella pneumoniae,(+),(+),(+),KPC,KPC
33336,KP,KPC,KPC/OXA,KPC,KPC/OXA,mCIM(-)/eCIM(-),Class Unknown,Klebsiella pneumoniae,(-),(+),(-),KPC,KPC
33337,KP,KPC,KPC/OXA,KPC,KPC/OXA,mCIM(+)/eCIM(-),Class A or D,Klebsiella pneumoniae,(+),(+),(+),KPC,KPC
33360,KP,KPC,KPC/OXA,KPC,KPC/OXA,mCIM(+)/eCIM(-),Class A or D,Klebsiella pneumoniae,(+),(+),(+),KPC,KPC
33363,KP,KPC,KPC/OXA,KPC,KPC/OXA,mCIM(+)/eCIM(-),Class Unknown,Klebsiella pneumoniae,(+),(+),(+),KPC,KPC
33364,KP,KPC,KPC/OXA,KPC,KPC/OXA,mCIM(+)/eCIM(-),Class Unknown,Klebsiella pneumoniae,(+),(+),(+),KPC,KPC
33365,KP,KPC,KPC/OXA,KPC,KPC/OXA,mCIM(+)/eCIM(-),Class Unknown,Klebsiella pneumoniae,(+),(+),(+),KPC,KPC
33373,KP,KPC,KPC/OXA,KPC,KPC/OXA,mCIM(+)/eCIM(-),Class Unknown,Klebsiella pneumoniae,(+),(+),(+),KPC,KPC
33374,KP,KPC+OXA+NDM,Others,Negative,Negative,mCIM(-)/eCIM(-),Negative,Klebsiella pneumoniae,(-),(+),(-),KPC+OXA+NDM,KPC
33378,KP,KPC+OXA,Others,Negative,Negative,mCIM(-)/eCIM(-),Negative,Klebsiella pneumoniae,(-),(-),(-),KPC+OXA,Negative
33381,KP,KPC+OXA,Others,Negative,Negative,mCIM(-)/eCIM(-),Negative,Klebsiella pneumoniae,(-),(-),(-),KPC+OXA,Negative
33389,KP,KPC+OXA+NDM,Others,NDM,IMP/NDM/VIM,mCIM(-)/eCIM(-),Negative,Klebsiella pneumoniae,(-),(-),(-),KPC+OXA+NDM,NDM
33390,KP,KPC+OXA,Others,Negative,Negative,mCIM(-)/eCIM(-),Class A or D,Klebsiella pneumoniae,(-),(-),(-),KPC+OXA,KPC
33395,KP,KPC+OXA,Others,Negative,Negative,mCIM(-)/eCIM(-),Negative,Klebsiella pneumoniae,(-),(-),(-),KPC+OXA,Negative
33397,KP,KPC+OXA+NDM,Others,Negative,Negative,mCIM(-)/eCIM(-),Negative,Klebsiella pneumoniae,(-),(-),(-),KPC+OXA+NDM,Negative
33399,KP,KPC+NDM,Others,KPC+NDM,Others,mCIM(+)/eCIM(-),Class Unknown,Klebsiella pneumoniae,(+),(+),(+),KPC+NDM,KPC
33402,KP,KPC,KPC/OXA,KPC,KPC/OXA,mCIM(+)/eCIM(-),Class Unknown,Klebsiella pneumoniae,(+),(+),(+),KPC,KPC
32955,KP,OXA,KPC/OXA,OXA,KPC/OXA,mCIM(+)/eCIM(-),Class A or D,Klebsiella pneumoniae,(+),(+),(+),OXA,OXA
32960,KP,OXA+NDM,Others,OXA+NDM,Others,mCIM(+)/eCIM(+),Class A or D,Klebsiella pneumoniae,(+),(+),(+),OXA+NDM,OXA+NDM
32984,KP,OXA,KPC/OXA,OXA,KPC/OXA,mCIM(+)/eCIM(-),Class A or D,Klebsiella pneumoniae,(+),(+),(+),OXA,OXA
32988,KP,OXA,KPC/OXA,OXA,KPC/OXA,mCIM(+)/eCIM(+),Class A or D,Klebsiella pneumoniae,(+),(+),(+),OXA,OXA
32993,KP,OXA,KPC/OXA,OXA,KPC/OXA,mCIM(+)/eCIM(-),Class A or D,Klebsiella pneumoniae,(+),(+),(+),OXA,OXA
32995,KP,OXA,KPC/OXA,OXA,KPC/OXA,mCIM(+)/eCIM(-),Class A or D,Klebsiella pneumoniae,(+),(+),(+),OXA,OXA
33013,KP,OXA,KPC/OXA,OXA,KPC/OXA,mCIM(+)/eCIM(+),Class A or D,Klebsiella pneumoniae,(+),(+),(+),OXA,OXA
33021,KP,OXA,KPC/OXA,Negative,Negative,mCIM(-)/eCIM(-),Negative,Klebsiella pneumoniae,(-),(+),(-),OXA,OXA
33025,KP,OXA,KPC/OXA,OXA,KPC/OXA,mCIM(+)/eCIM(+),Class A or D,Klebsiella pneumoniae,(+),(+),(+),OXA,OXA
33040,KP,OXA,KPC/OXA,OXA,KPC/OXA,mCIM(+)/eCIM(+),Class A or D,Klebsiella pneumoniae,(+),(+),(+),OXA,OXA
33043,KP,OXA+NDM,Others,OXA+NDM,Others,mCIM(+)/eCIM(+),Class A or D,Klebsiella pneumoniae,(+),(+),(+),OXA+NDM,OXA+NDM
33044,KP,OXA,KPC/OXA,Negative,Negative,mCIM(+)/eCIM(+),Class A or D,Klebsiella pneumoniae,(+),(+),(+),OXA,OXA
33050,KP,OXA,KPC/OXA,Negative,Negative,mCIM(-)/eCIM(-),Negative,Klebsiella pneumoniae,(-),(+),(-),OXA,Negative
33053,KP,OXA,KPC/OXA,OXA,KPC/OXA,mCIM(+)/eCIM(-),Class A or D,Klebsiella pneumoniae,(+),(+),(+),OXA,OXA
33054,KP,OXA,KPC/OXA,OXA,KPC/OXA,mCIM(+)/eCIM(-),Class A or D,Klebsiella pneumoniae,(+),(+),(+),OXA,OXA
33066,KP,OXA,KPC/OXA,Negative,Negative,mCIM(-)/eCIM(-),Negative,Klebsiella pneumoniae,(-),(-),(-),OXA,Negative
33067,KP,OXA,KPC/OXA,Negative,Negative,mCIM(-)/eCIM(-),Negative,Klebsiella pneumoniae,(-),(-),(-),OXA,Negative
33074,KP,OXA,KPC/OXA,Negative,Negative,mCIM(-)/eCIM(-),Negative,Klebsiella pneumoniae,(-),(-),(-),OXA,Negative
33075,KP,OXA,KPC/OXA,OXA,KPC/OXA,mCIM(+)/eCIM(-),Class Unknown,Klebsiella pneumoniae,(+),(+),(+),OXA,OXA
33095,KP,OXA,KPC/OXA,OXA,KPC/OXA,mCIM(+)/eCIM(-),Class A or D,Klebsiella pneumoniae,(+),(+),(+),OXA,OXA
33104,KP,OXA,KPC/OXA,Negative,Negative,mCIM(-)/eCIM(-),Negative,Klebsiella pneumoniae,(-),(-),(-),OXA,Negative
33106,KP,OXA,KPC/OXA,OXA,KPC/OXA,mCIM(+)/eCIM(-),Class A or D,Klebsiella pneumoniae,(+),(+),(+),OXA,OXA
33111,KP,OXA,KPC/OXA,Negative,Negative,mCIM(-)/eCIM(-),Negative,Klebsiella pneumoniae,(-),(-),(-),OXA,Negative
33112,KP,OXA+NDM,Others,NDM,IMP/NDM/VIM,mCIM(-)/eCIM(-),Negative,Klebsiella pneumoniae,(-),(-),(-),OXA+NDM,NDM
33114,KP,OXA+NDM,Others,NDM,IMP/NDM/VIM,mCIM(+)/eCIM(+),Class Unknown,Klebsiella pneumoniae,(+),(+),(+),OXA+NDM,NDM
33116,KP,OXA,KPC/OXA,Negative,Negative,mCIM(-)/eCIM(-),Negative,Klebsiella pneumoniae,(-),(-),(-),OXA,Negative
33119,KP,OXA,KPC/OXA,Negative,Negative,mCIM(-)/eCIM(-),Negative,Klebsiella pneumoniae,(-),(-),(-),OXA,Negative
33124,KP,OXA,KPC/OXA,Negative,Negative,mCIM(-)/eCIM(-),Class Unknown,Klebsiella pneumoniae,(-),(-),(-),OXA,OXA
33127,KP,OXA,KPC/OXA,OXA,KPC/OXA,mCIM(+)/eCIM(+),Class A or D,Klebsiella pneumoniae,(+),(+),(+),OXA,OXA
33133,KP,OXA,KPC/OXA,Negative,Negative,mCIM(-)/eCIM(-),Negative,Klebsiella pneumoniae,(-),(-),(-),OXA,Negative
33154,KP,OXA,KPC/OXA,Negative,Negative,mCIM(-)/eCIM(-),Negative,Klebsiella pneumoniae,(-),(-),(-),OXA,Negative
33157,KP,OXA,KPC/OXA,OXA,KPC/OXA,mCIM(+)/eCIM(-),Class A or D,Klebsiella pneumoniae,(+),(+),(+),OXA,OXA
33186,KP,OXA,KPC/OXA,OXA,KPC/OXA,mCIM(+)/eCIM(+),Class A or D,Klebsiella pneumoniae,(+),(+),(+),OXA,OXA
33192,KP,OXA+VIM,Others,OXA+NDM,Others,mCIM(+)/eCIM(+),Class A or D,Klebsiella pneumoniae,(+),(+),(+),OXA+VIM,VIM
33211,KP,OXA,KPC/OXA,OXA,KPC/OXA,mCIM(+)/eCIM(-),Class A or D,Klebsiella pneumoniae,(+),(+),(+),OXA,OXA
33218,KP,OXA,KPC/OXA,OXA,KPC/OXA,mCIM(+)/eCIM(-),Class A or D,Klebsiella pneumoniae,(+),(+),(+),OXA,OXA
33220,KP,OXA,KPC/OXA,OXA,KPC/OXA,mCIM(+)/eCIM(-),Class A or D,Klebsiella pneumoniae,(+),(+),(+),OXA,OXA
33223,KP,OXA,KPC/OXA,OXA,KPC/OXA,mCIM(+)/eCIM(+),Class A or D,Klebsiella pneumoniae,(+),(+),(+),OXA,OXA
33230,KP,OXA,KPC/OXA,Negative,Negative,mCIM(+)/eCIM(-),Class A or D,Klebsiella pneumoniae,(+),(+),(+),OXA,OXA
33235,KP,OXA,KPC/OXA,OXA,KPC/OXA,mCIM(+)/eCIM(-),Class A or D,Klebsiella pneumoniae,(+),(+),(+),OXA,OXA
33238,KP,OXA,KPC/OXA,OXA,KPC/OXA,mCIM(+)/eCIM(+),Class A or D,Klebsiella pneumoniae,(+),(+),(+),OXA,OXA
33240,KP,OXA,KPC/OXA,OXA,KPC/OXA,mCIM(+)/eCIM(-),Class A or D,Klebsiella pneumoniae,(+),(+),(+),OXA,OXA
33242,KP,OXA+IMP,Others,IMP,IMP/NDM/VIM,mCIM(+)/eCIM(+),Class B,Klebsiella pneumoniae,(+),(+),(+),OXA+IMP,IMP
33244,KP,OXA,KPC/OXA,OXA,KPC/OXA,mCIM(+)/eCIM(+),Class A or D,Klebsiella pneumoniae,(+),(+),(+),OXA,OXA
33248,KP,OXA,KPC/OXA,OXA,KPC/OXA,mCIM(+)/eCIM(+),Class A or D,Klebsiella pneumoniae,(+),(+),(+),OXA,OXA
33260,KP,OXA,KPC/OXA,OXA,KPC/OXA,mCIM(+)/eCIM(-),Class A or D,Klebsiella pneumoniae,(+),(+),(+),OXA,OXA
33265,KP,OXA,KPC/OXA,OXA,KPC/OXA,mCIM(+)/eCIM(+),Class A or D,Klebsiella pneumoniae,(+),(+),(+),OXA,OXA
33266,KP,OXA,KPC/OXA,OXA,KPC/OXA,mCIM(+)/eCIM(+),Class A or D,Klebsiella pneumoniae,(+),(+),(+),OXA,OXA
33267,KP,OXA,KPC/OXA,OXA,KPC/OXA,mCIM(+)/eCIM(-),Class A or D,Klebsiella pneumoniae,(+),(+),(+),OXA,OXA
33277,KP,OXA,KPC/OXA,OXA,KPC/OXA,mCIM(+)/eCIM(+),Class A or D,Klebsiella pneumoniae,(+),(+),(+),OXA,OXA
33286,KP,OXA,KPC/OXA,OXA,KPC/OXA,mCIM(+)/eCIM(+),Class A or D,Klebsiella pneumoniae,(+),(-),(+),OXA,OXA
33292,KP,OXA,KPC/OXA,Negative,Negative,mCIM(-)/eCIM(-),Negative,Klebsiella pneumoniae,(-),(-),(-),OXA,Negative
33293,KP,OXA+NDM,Others,Negative,Negative,mCIM(-)/eCIM(-),Class B,Klebsiella pneumoniae,(-),(-),(-),OXA+NDM,NDM
33295,KP,OXA+NDM,Others,OXA+NDM,Others,mCIM(+)/eCIM(-),Class B,Klebsiella pneumoniae,(+),(+),(+),OXA+NDM,NDM
33296,KP,OXA,KPC/OXA,OXA,KPC/OXA,mCIM(+)/eCIM(-),Class A or D,Klebsiella pneumoniae,(+),(+),(+),OXA,OXA
33299,KP,OXA+NDM,Others,NDM,IMP/NDM/VIM,mCIM(+)/eCIM(+),Class B,Klebsiella pneumoniae,(+),(+),(+),OXA+NDM,OXA+NDM
33306,KP,OXA,KPC/OXA,OXA,KPC/OXA,mCIM(+)/eCIM(-),Class Unknown,Klebsiella pneumoniae,(+),(+),(+),OXA,OXA
33323,KP,OXA,KPC/OXA,OXA,KPC/OXA,mCIM(+)/eCIM(+),Class A or D,Klebsiella pneumoniae,(+),(+),(+),OXA,OXA
33324,KP,OXA,KPC/OXA,OXA,KPC/OXA,mCIM(+)/eCIM(+),Class A or D,Klebsiella pneumoniae,(+),(+),(+),OXA,OXA
33352,KP,OXA,KPC/OXA,OXA,KPC/OXA,mCIM(+)/eCIM(-),Class A or D,Klebsiella pneumoniae,(+),(+),(+),OXA,OXA
33353,KP,OXA+NDM,Others,OXA+NDM,Others,mCIM(+)/eCIM(-),Class A or D,Klebsiella pneumoniae,(+),(+),(+),OXA+NDM,NDM
33359,KP,OXA,KPC/OXA,OXA,KPC/OXA,mCIM(+)/eCIM(+),Class A or D,Klebsiella pneumoniae,(+),(+),(+),OXA,OXA
33366,KP,OXA,KPC/OXA,Negative,Negative,mCIM(-)/eCIM(-),Class A or D,Klebsiella pneumoniae,(-),(+),(-),OXA,OXA
33371,KP,OXA,KPC/OXA,OXA,KPC/OXA,mCIM(+)/eCIM(-),Class A or D,Klebsiella pneumoniae,(+),(+),(+),OXA,OXA
33382,KP,OXA,KPC/OXA,OXA,KPC/OXA,mCIM(+)/eCIM(-),Class A or D,Klebsiella pneumoniae,(+),(+),(+),OXA,OXA
33387,KP,OXA+NDM,Others,NDM,IMP/NDM/VIM,mCIM(-)/eCIM(-),Negative,Klebsiella pneumoniae,(-),(-),(-),OXA+NDM,OXA+NDM
33400,KP,OXA,KPC/OXA,Negative,Negative,mCIM(-)/eCIM(-),Negative,Klebsiella pneumoniae,(-),(-),(-),OXA,Negative
33401,KP,OXA,KPC/OXA,OXA,KPC/OXA,mCIM(+)/eCIM(-),Class A or D,Klebsiella pneumoniae,(+),(+),(+),OXA,OXA
32968,KP,NDM,IMP/NDM/VIM,NDM,IMP/NDM/VIM,mCIM(+)/eCIM(+),Class Unknown,Klebsiella pneumoniae,(+),(+),(+),NDM,NDM
32976,KP,NDM,IMP/NDM/VIM,NDM,IMP/NDM/VIM,mCIM(+)/eCIM(+),Class Unknown,Klebsiella pneumoniae,(+),(+),(+),NDM,NDM
32982,KP,NDM,IMP/NDM/VIM,NDM,IMP/NDM/VIM,mCIM(+)/eCIM(+),Class Unknown,Klebsiella pneumoniae,(+),(+),(+),NDM,NDM
32985,KP,NDM,IMP/NDM/VIM,NDM,IMP/NDM/VIM,mCIM(+)/eCIM(+),Class B,Klebsiella pneumoniae,(+),(+),(+),NDM,NDM
32994,KP,NDM,IMP/NDM/VIM,NDM,IMP/NDM/VIM,mCIM(+)/eCIM(+),Class B,Klebsiella pneumoniae,(+),(+),(+),NDM,NDM
33006,KP,NDM,IMP/NDM/VIM,NDM,IMP/NDM/VIM,mCIM(+)/eCIM(+),Class Unknown,Klebsiella pneumoniae,(+),(+),(+),NDM,NDM
33017,KP,NDM,IMP/NDM/VIM,NDM,IMP/NDM/VIM,mCIM(+)/eCIM(+),Class Unknown,Klebsiella pneumoniae,(+),(+),(+),NDM,NDM
33036,KP,NDM,IMP/NDM/VIM,NDM,IMP/NDM/VIM,mCIM(-)/eCIM(-),Negative,Klebsiella pneumoniae,(-),(+),(-),NDM,NDM
33039,KP,NDM,IMP/NDM/VIM,NDM,IMP/NDM/VIM,mCIM(+)/eCIM(+),Class B,Klebsiella pneumoniae,(+),(+),(+),NDM,NDM
33048,KP,NDM,IMP/NDM/VIM,NDM,IMP/NDM/VIM,mCIM(+)/eCIM(+),Class B,Klebsiella pneumoniae,(+),(+),(+),NDM,NDM
33077,KP,NDM,IMP/NDM/VIM,NDM,IMP/NDM/VIM,mCIM(+)/eCIM(+),Class Unknown,Klebsiella pneumoniae,(+),(+),(+),NDM,NDM
33083,KP,NDM,IMP/NDM/VIM,NDM,IMP/NDM/VIM,mCIM(+)/eCIM(+),Class Unknown,Klebsiella pneumoniae,(+),(+),(+),NDM,NDM
33105,KP,NDM,IMP/NDM/VIM,NDM,IMP/NDM/VIM,mCIM(+)/eCIM(+),Class Unknown,Klebsiella pneumoniae,(+),(+),(+),NDM,NDM
33160,KP,NDM,IMP/NDM/VIM,NDM,IMP/NDM/VIM,mCIM(+)/eCIM(+),Class B,Klebsiella pneumoniae,(+),(+),(+),NDM,NDM
33167,KP,NDM,IMP/NDM/VIM,KPC+NDM,Others,mCIM(+)/eCIM(+),Class Unknown,Klebsiella pneumoniae,(+),(+),(+),NDM,NDM
33198,KP,NDM,IMP/NDM/VIM,OXA,KPC/OXA,mCIM(-)/eCIM(-),Class A or D,Klebsiella pneumoniae,(-),(-),(-),NDM,NDM
33199,KP,NDM,IMP/NDM/VIM,KPC,KPC/OXA,mCIM(+)/eCIM(-),Class Unknown,Klebsiella pneumoniae,(+),(+),(+),NDM,KPC
33208,KP,NDM,IMP/NDM/VIM,KPC+NDM,Others,mCIM(+)/eCIM(+),Class Unknown,Klebsiella pneumoniae,(+),(+),(+),NDM,KPC
33225,KP,NDM,IMP/NDM/VIM,NDM,IMP/NDM/VIM,mCIM(+)/eCIM(-),Class Unknown,Klebsiella pneumoniae,(+),(+),(+),NDM,NDM
33259,KP,NDM,IMP/NDM/VIM,NDM,IMP/NDM/VIM,mCIM(+)/eCIM(+),Class B,Klebsiella pneumoniae,(+),(+),(+),NDM,NDM
33300,KP,NDM,IMP/NDM/VIM,NDM,IMP/NDM/VIM,mCIM(+)/eCIM(+),Class Unknown,Klebsiella pneumoniae,(+),(+),(+),NDM,NDM
33318,KP,NDM,IMP/NDM/VIM,KPC+NDM,Others,mCIM(+)/eCIM(-),Class B,Klebsiella pneumoniae,(+),(+),(+),NDM,KPC
33321,KP,NDM,IMP/NDM/VIM,NDM,IMP/NDM/VIM,mCIM(-)/eCIM(-),Negative,Klebsiella pneumoniae,(-),(+),(-),NDM,NDM
33194,KP,VIM,IMP/NDM/VIM,Negative,Negative,mCIM(+)/eCIM(+),Class Unknown,Klebsiella pneumoniae,(+),(+),(+),VIM,Negative
33195,KP,VIM,IMP/NDM/VIM,OXA+NDM,Others,mCIM(+)/eCIM(-),Class Unknown,Klebsiella pneumoniae,(+),(+),(+),VIM,OXA
32840,EC,KPC,KPC/OXA,KPC,KPC/OXA,mCIM(+)/eCIM(-),Class A or D,Escherichia coli,NA,NA,(+),KPC,KPC
32876,EC,KPC,KPC/OXA,KPC,KPC/OXA,mCIM(+)/eCIM(-),Class A or D,Escherichia coli,NA,NA,(+),KPC,KPC
32888,EC,KPC,KPC/OXA,KPC,KPC/OXA,mCIM(+)/eCIM(-),Class A or D,Escherichia coli,NA,NA,(+),KPC,KPC
33174,EC,KPC,KPC/OXA,KPC,KPC/OXA,mCIM(+)/eCIM(-),Class A or D,Escherichia coli,NA,NA,(+),KPC,KPC
33203,EC,KPC,KPC/OXA,OXA,KPC/OXA,mCIM(+)/eCIM(-),Class B,Escherichia coli,NA,NA,(+),KPC,KPC
33239,EC,KPC,KPC/OXA,KPC,KPC/OXA,mCIM(+)/eCIM(-),Class A or D,Escherichia coli,NA,NA,(+),KPC,KPC
33243,EC,KPC,KPC/OXA,KPC,KPC/OXA,mCIM(+)/eCIM(-),Class A or D,Escherichia coli,NA,NA,(+),KPC,KPC
33249,EC,KPC,KPC/OXA,KPC,KPC/OXA,mCIM(+)/eCIM(-),Class A or D,Escherichia coli,NA,NA,(+),KPC,KPC
33252,EC,KPC,KPC/OXA,KPC,KPC/OXA,mCIM(+)/eCIM(-),Class B,Escherichia coli,NA,NA,(+),KPC,KPC
33314,EC,KPC,KPC/OXA,KPC,KPC/OXA,mCIM(+)/eCIM(-),Class A or D,Escherichia coli,NA,NA,(+),KPC,KPC
33357,EC,KPC,KPC/OXA,KPC,KPC/OXA,mCIM(+)/eCIM(-),Class A or D,Escherichia coli,NA,NA,(+),KPC,KPC
33362,EC,KPC,KPC/OXA,KPC,KPC/OXA,mCIM(+)/eCIM(-),Class A or D,Escherichia coli,NA,NA,(+),KPC,KPC
33369,EC,KPC+NDM,Others,KPC,KPC/OXA,mCIM(+)/eCIM(-),Class A or D,Escherichia coli,NA,NA,(+),KPC+NDM,KPC
33376,EC,KPC+NDM,Others,KPC,KPC/OXA,mCIM(+)/eCIM(-),Class A or D,Escherichia coli,NA,NA,(+),KPC+NDM,KPC
32945,EC,OXA,KPC/OXA,OXA,KPC/OXA,mCIM(+)/eCIM(-),Class Unknown,Escherichia coli,NA,NA,(+),OXA,OXA
32987,EC,OXA,KPC/OXA,OXA,KPC/OXA,mCIM(+)/eCIM(-),Class A or D,Escherichia coli,NA,NA,(+),OXA,OXA
33144,EC,OXA,KPC/OXA,OXA,KPC/OXA,mCIM(+)/eCIM(-),Class B,Escherichia coli,NA,NA,(+),OXA,OXA
33172,EC,OXA,KPC/OXA,OXA,KPC/OXA,mCIM(+)/eCIM(-),Negative,Escherichia coli,NA,NA,(+),OXA,OXA
33175,EC,OXA,KPC/OXA,OXA,KPC/OXA,mCIM(+)/eCIM(-),Class B,Escherichia coli,NA,NA,(+),OXA,OXA
33274,EC,OXA,KPC/OXA,OXA,KPC/OXA,mCIM(+)/eCIM(-),Negative,Escherichia coli,NA,NA,(+),OXA,OXA
32931,EC,NDM,IMP/NDM/VIM,NDM,IMP/NDM/VIM,mCIM(+)/eCIM(+),Class B,Escherichia coli,NA,NA,(+),NDM,NDM
32944,EC,NDM,IMP/NDM/VIM,NDM,IMP/NDM/VIM,mCIM(+)/eCIM(+),Class B,Escherichia coli,NA,NA,(+),NDM,NDM
32990,EC,NDM,IMP/NDM/VIM,NDM,IMP/NDM/VIM,mCIM(+)/eCIM(+),Class B,Escherichia coli,NA,NA,(+),NDM,NDM
32996,EC,NDM,IMP/NDM/VIM,NDM,IMP/NDM/VIM,mCIM(+)/eCIM(+),Class B,Escherichia coli,NA,NA,(+),NDM,NDM
33089,EC,NDM,IMP/NDM/VIM,NDM,IMP/NDM/VIM,mCIM(+)/eCIM(+),Class B,Escherichia coli,NA,NA,(+),NDM,NDM
33222,EC,NDM,IMP/NDM/VIM,NDM,IMP/NDM/VIM,mCIM(+)/eCIM(-),Class A or D,Escherichia coli,NA,NA,(+),NDM,NDM
33298,EC,NDM,IMP/NDM/VIM,NDM,IMP/NDM/VIM,mCIM(+)/eCIM(+),Class B,Escherichia coli,NA,NA,(+),NDM,NDM
33311,EC,NDM,IMP/NDM/VIM,NDM,IMP/NDM/VIM,mCIM(+)/eCIM(+),Class B,Escherichia coli,NA,NA,(+),NDM,NDM
33350,EC,NDM,IMP/NDM/VIM,NDM,IMP/NDM/VIM,mCIM(+)/eCIM(+),Class B,Escherichia coli,NA,NA,(+),NDM,NDM
32863,EC,VIM,IMP/NDM/VIM,VIM,IMP/NDM/VIM,mCIM(+)/eCIM(+),Class B,Escherichia coli,NA,NA,(+),VIM,VIM
33068,ENT.CLOACAE,KPC+IMP,Others,Negative,Negative,mCIM(-)/eCIM(-),Negative,Enterobacter cloacae complex,NA,NA,(-),KPC+IMP,Negative
33132,ENT.CLOACAE,KPC,KPC/OXA,Negative,Negative,mCIM(-)/eCIM(-),Negative,Enterobacter cloacae complex,NA,NA,(-),KPC,Negative
33143,ENT.CLOACAE,KPC+OXA,Others,Negative,Negative,mCIM(-)/eCIM(-),Negative,Enterobacter cloacae complex,NA,NA,(-),KPC+OXA,Negative
33188,ENT.CLOACAE,KPC+OXA,Others,Negative,Negative,mCIM(-)/eCIM(-),Negative,Enterobacter cloacae complex,NA,NA,(-),KPC+OXA,Negative
32966,ENT.CLOACAE,OXA,KPC/OXA,Negative,Negative,mCIM(-)/eCIM(-),Negative,Enterobacter cloacae complex,NA,NA,(-),OXA,Negative
33107,ENT.CLOACAE,OXA,KPC/OXA,OXA,KPC/OXA,mCIM(+)/eCIM(-),Class A or D,Enterobacter cloacae complex,NA,NA,(+),OXA,OXA
33121,ENT.CLOACAE,OXA,KPC/OXA,OXA,KPC/OXA,mCIM(+)/eCIM(-),Class A or D,Enterobacter cloacae complex,NA,NA,(+),OXA,OXA
33130,ENT.CLOACAE,OXA,KPC/OXA,OXA,KPC/OXA,mCIM(+)/eCIM(-),Class A or D,Enterobacter cloacae complex,NA,NA,(+),OXA,OXA
33261,ENT.CLOACAE,OXA,KPC/OXA,OXA,KPC/OXA,mCIM(+)/eCIM(-),Class A or D,Enterobacter cloacae complex,NA,NA,(+),OXA,OXA
33004,ENT.CLOACAE,NDM,IMP/NDM/VIM,Negative,Negative,mCIM(-)/eCIM(-),Negative,Enterobacter cloacae complex,NA,NA,(-),NDM,Negative
32963,ENT.CLOACAE,IMP,IMP/NDM/VIM,IMP,IMP/NDM/VIM,mCIM(+)/eCIM(+),Class B,Enterobacter cloacae complex,NA,NA,(+),IMP,IMP
32998,ENT.CLOACAE,IMP,IMP/NDM/VIM,IMP,IMP/NDM/VIM,mCIM(+)/eCIM(+),Class B,Enterobacter cloacae complex,NA,NA,(+),IMP,IMP
33024,ENT.CLOACAE,IMP,IMP/NDM/VIM,IMP,IMP/NDM/VIM,mCIM(+)/eCIM(+),Class B,Enterobacter cloacae complex,NA,NA,(+),IMP,IMP
33029,ENT.CLOACAE,IMP,IMP/NDM/VIM,NDM+IMP,Others,mCIM(+)/eCIM(-),Class B,Enterobacter cloacae complex,NA,NA,(+),IMP,IMP
33060,ENT.CLOACAE,IMP,IMP/NDM/VIM,IMP,IMP/NDM/VIM,mCIM(+)/eCIM(+),Class A or D,Enterobacter cloacae complex,NA,NA,(+),IMP,IMP
33061,ENT.CLOACAE,IMP,IMP/NDM/VIM,IMP,IMP/NDM/VIM,mCIM(+)/eCIM(+),Class B,Enterobacter cloacae complex,NA,NA,(+),IMP,IMP
33065,ENT.CLOACAE,IMP,IMP/NDM/VIM,IMP,IMP/NDM/VIM,mCIM(+)/eCIM(+),Class B,Enterobacter cloacae complex,NA,NA,(+),IMP,IMP
33071,ENT.CLOACAE,IMP,IMP/NDM/VIM,IMP,IMP/NDM/VIM,mCIM(+)/eCIM(+),Class B,Enterobacter cloacae complex,NA,NA,(+),IMP,IMP
33086,ENT.CLOACAE,IMP,IMP/NDM/VIM,IMP,IMP/NDM/VIM,mCIM(+)/eCIM(+),Class B,Enterobacter cloacae complex,NA,NA,(+),IMP,IMP
33108,ENT.CLOACAE,IMP,IMP/NDM/VIM,Negative,Negative,mCIM(-)/eCIM(-),Negative,Enterobacter cloacae complex,NA,NA,(-),IMP,Negative
33135,ENT.CLOACAE,IMP,IMP/NDM/VIM,Negative,Negative,mCIM(-)/eCIM(-),Negative,Enterobacter cloacae complex,NA,NA,(-),IMP,Negative
33162,ENT.CLOACAE,IMP,IMP/NDM/VIM,IMP,IMP/NDM/VIM,mCIM(+)/eCIM(+),Class B,Enterobacter cloacae complex,NA,NA,(+),IMP,IMP
33161,CITRO.FREUNDII,KPC+OXA,Others,Negative,Negative,mCIM(-)/eCIM(-),Negative,Citrobacter freundii complex,NA,NA,(-),KPC+OXA,Negative
32139,CITRO.FREUNDII,OXA+NDM,Others,OXA+NDM,Others,mCIM(+)/eCIM(-),Class B,Citrobacter freundii complex,NA,NA,(+),OXA+NDM,OXA
32155,CITRO.FREUNDII,OXA+NDM,Others,OXA+NDM,Others,mCIM(+)/eCIM(-),Class B,Citrobacter freundii complex,NA,NA,(+),OXA+NDM,OXA
32487,CITRO.FREUNDII,OXA+IMP,Others,Negative,Negative,mCIM(-)/eCIM(-),Negative,Citrobacter freundii complex,NA,NA,(-),OXA+IMP,Negative
32724,CITRO.FREUNDII,OXA,KPC/OXA,OXA,KPC/OXA,mCIM(+)/eCIM(-),Class A or D,Citrobacter freundii complex,NA,NA,(+),OXA,OXA
32873,CITRO.FREUNDII,OXA+IMP,Others,IMP,IMP/NDM/VIM,mCIM(+)/eCIM(+),Class B,Citrobacter freundii complex,NA,NA,(+),OXA+IMP,OXA+IMP
32878,CITRO.FREUNDII,OXA+NDM,Others,OXA+NDM,Others,mCIM(+)/eCIM(-),Class B,Citrobacter freundii complex,NA,NA,(+),OXA+NDM,NDM
33101,CITRO.FREUNDII,OXA,KPC/OXA,IMP,IMP/NDM/VIM,mCIM(+)/eCIM(-),Class B,Citrobacter freundii complex,NA,NA,(+),OXA,OXA
33221,CITRO.FREUNDII,OXA+IMP,Others,Negative,Negative,mCIM(-)/eCIM(-),Negative,Citrobacter freundii complex,NA,NA,(-),OXA+IMP,Negative
32174,CITRO.FREUNDII,NDM,IMP/NDM/VIM,NDM,IMP/NDM/VIM,mCIM(+)/eCIM(+),Class B,Citrobacter freundii complex,NA,NA,(+),NDM,NDM
32746,CITRO.FREUNDII,NDM+VIM,Others,NDM+VIM,Others,mCIM(+)/eCIM(+),Class B,Citrobacter freundii complex,NA,NA,(+),NDM+VIM,VIM
32867,CITRO.FREUNDII,NDM,IMP/NDM/VIM,NDM,IMP/NDM/VIM,mCIM(+)/eCIM(+),Class B,Citrobacter freundii complex,NA,NA,(+),NDM,NDM
32515,CITRO.FREUNDII,IMP,IMP/NDM/VIM,Negative,Negative,mCIM(-)/eCIM(-),Negative,Citrobacter freundii complex,NA,NA,(-),IMP,Negative
32661,CITRO.FREUNDII,IMP,IMP/NDM/VIM,IMP,IMP/NDM/VIM,mCIM(+)/eCIM(+),Class B,Citrobacter freundii complex,NA,NA,(+),IMP,IMP
32669,CITRO.FREUNDII,IMP,IMP/NDM/VIM,IMP,IMP/NDM/VIM,mCIM(+)/eCIM(+),Class Unknown,Citrobacter freundii complex,NA,NA,(+),IMP,IMP
32718,CITRO.FREUNDII,IMP,IMP/NDM/VIM,IMP,IMP/NDM/VIM,mCIM(+)/eCIM(+),Class B,Citrobacter freundii complex,NA,NA,(+),IMP,IMP
32726,CITRO.FREUNDII,IMP,IMP/NDM/VIM,IMP,IMP/NDM/VIM,mCIM(+)/eCIM(+),Class B,Citrobacter freundii complex,NA,NA,(+),IMP,IMP
32790,CITRO.FREUNDII,IMP,IMP/NDM/VIM,Negative,Negative,mCIM(-)/eCIM(-),Negative,Citrobacter freundii complex,NA,NA,(-),IMP,Negative
32797,CITRO.FREUNDII,IMP,IMP/NDM/VIM,IMP,IMP/NDM/VIM,mCIM(+)/eCIM(+),Class B,Citrobacter freundii complex,NA,NA,(+),IMP,IMP
31871,CITRO.KOSERI,KPC+OXA,Others,OXA,KPC/OXA,mCIM(-)/eCIM(-),Negative,Citrobacter koseri,NA,NA,(-),KPC+OXA,OXA
31883,CITRO.KOSERI,KPC+OXA,Others,OXA,KPC/OXA,mCIM(+)/eCIM(-),Class A or D,Citrobacter koseri,NA,NA,(+),KPC+OXA,KPC
32069,CITRO.KOSERI,KPC+OXA,Others,OXA,KPC/OXA,mCIM(+)/eCIM(-),Class A or D,Citrobacter koseri,NA,NA,(+),KPC+OXA,OXA
32256,CITRO.KOSERI,KPC+OXA,Others,OXA,KPC/OXA,mCIM(+)/eCIM(-),Class A or D,Citrobacter koseri,NA,NA,(+),KPC+OXA,KPC
32437,CITRO.KOSERI,KPC+OXA,Others,OXA,KPC/OXA,mCIM(+)/eCIM(-),Class A or D,Citrobacter koseri,NA,NA,(+),KPC+OXA,OXA
32548,CITRO.KOSERI,KPC+OXA,Others,OXA,KPC/OXA,mCIM(+)/eCIM(-),Class A or D,Citrobacter koseri,NA,NA,(+),KPC+OXA,OXA
32569,CITRO.KOSERI,KPC+OXA,Others,OXA,KPC/OXA,mCIM(+)/eCIM(-),Class A or D,Citrobacter koseri,NA,NA,(+),KPC+OXA,KPC
32667,CITRO.KOSERI,KPC+OXA,Others,Negative,Negative,mCIM(-)/eCIM(-),Negative,Citrobacter koseri,NA,NA,(-),KPC+OXA,Negative
32704,CITRO.KOSERI,KPC+OXA,Others,Negative,Negative,mCIM(-)/eCIM(-),Negative,Citrobacter koseri,NA,NA,(-),KPC+OXA,Negative
32904,CITRO.KOSERI,KPC+OXA,Others,OXA,KPC/OXA,mCIM(+)/eCIM(-),Class A or D,Citrobacter koseri,NA,NA,(+),KPC+OXA,KPC+OXA
32923,CITRO.KOSERI,KPC+OXA,Others,OXA,KPC/OXA,mCIM(+)/eCIM(-),Class A or D,Citrobacter koseri,NA,NA,(+),KPC+OXA,KPC+OXA
32992,CITRO.KOSERI,KPC+OXA,Others,OXA,KPC/OXA,mCIM(+)/eCIM(-),Class A or D,Citrobacter koseri,NA,NA,(+),KPC+OXA,KPC
32999,CITRO.KOSERI,KPC+OXA,Others,OXA,KPC/OXA,mCIM(+)/eCIM(-),Class A or D,Citrobacter koseri,NA,NA,(+),KPC+OXA,KPC
33070,CITRO.KOSERI,KPC+OXA,Others,OXA,KPC/OXA,mCIM(+)/eCIM(-),Class A or D,Citrobacter koseri,NA,NA,(+),KPC+OXA,OXA
31717,CITRO.KOSERI,OXA,KPC/OXA,OXA,KPC/OXA,mCIM(+)/eCIM(-),Class A or D,Citrobacter koseri,NA,NA,(+),OXA,OXA
32591,CITRO.KOSERI,OXA,KPC/OXA,Negative,Negative,mCIM(-)/eCIM(-),Negative,Citrobacter koseri,NA,NA,(-),OXA,Negative
32836,CITRO.KOSERI,OXA,KPC/OXA,OXA,KPC/OXA,mCIM(+)/eCIM(-),Class A or D,Citrobacter koseri,NA,NA,(+),OXA,OXA
32919,CITRO.KOSERI,OXA,KPC/OXA,Negative,Negative,mCIM(-)/eCIM(-),Negative,Citrobacter koseri,NA,NA,(-),OXA,Negative
32948,CITRO.KOSERI,OXA+IMP,Others,Negative,Negative,mCIM(-)/eCIM(-),Negative,Citrobacter koseri,NA,NA,(-),OXA+IMP,Negative
33096,CITRO.KOSERI,OXA,KPC/OXA,OXA,KPC/OXA,mCIM(+)/eCIM(-),Class Unknown,Citrobacter koseri,NA,NA,(+),OXA,OXA
32857,K.AEROGENES,OXA,KPC/OXA,OXA,KPC/OXA,mCIM(+)/eCIM(-),Class A or D,Klebsiella aerogenes,NA,NA,(+),OXA,OXA
32788,K.AEROGENES,IMP,IMP/NDM/VIM,IMP,IMP/NDM/VIM,mCIM(+)/eCIM(+),Class B,Klebsiella aerogenes,NA,NA,(+),IMP,IMP
32821,K.AEROGENES,IMP,IMP/NDM/VIM,IMP,IMP/NDM/VIM,mCIM(+)/eCIM(+),Class Unknown,Klebsiella aerogenes,NA,NA,(+),IMP,IMP
32908,K.AEROGENES,IMP,IMP/NDM/VIM,IMP,IMP/NDM/VIM,mCIM(+)/eCIM(+),Class B,Klebsiella aerogenes,NA,NA,(+),IMP,IMP
32980,K.AEROGENES,IMP,IMP/NDM/VIM,IMP,IMP/NDM/VIM,mCIM(+)/eCIM(+),Class B,Klebsiella aerogenes,NA,NA,(+),IMP,IMP
33176,K.AEROGENES,IMP,IMP/NDM/VIM,IMP,IMP/NDM/VIM,mCIM(+)/eCIM(+),Class B,Klebsiella aerogenes,NA,NA,(+),IMP,IMP
33062,K.OXYTOCA,KPC,KPC/OXA,IMP,IMP/NDM/VIM,mCIM(+)/eCIM(+),Class B,Klebsiella oxytoca,NA,NA,(+),KPC,IMP
32859,K.OXYTOCA,OXA,KPC/OXA,OXA,KPC/OXA,mCIM(+)/eCIM(+),Class A or D,Klebsiella oxytoca,NA,NA,(+),OXA,OXA
32884,K.OXYTOCA,OXA,KPC/OXA,OXA,KPC/OXA,mCIM(+)/eCIM(+),Class A or D,Klebsiella oxytoca,NA,NA,(+),OXA,OXA
32933,K.OXYTOCA,OXA,KPC/OXA,OXA,KPC/OXA,mCIM(+)/eCIM(+),Class A or D,Klebsiella oxytoca,NA,NA,(+),OXA,OXA
31474,K.OXYTOCA,NDM,IMP/NDM/VIM,NDM,IMP/NDM/VIM,mCIM(+)/eCIM(+),Class B,Klebsiella oxytoca,NA,NA,(+),NDM,NDM
31781,K.OXYTOCA,NDM,IMP/NDM/VIM,NDM,IMP/NDM/VIM,mCIM(+)/eCIM(+),Class B,Klebsiella oxytoca,NA,NA,(+),NDM,NDM
32293,K.OXYTOCA,NDM,IMP/NDM/VIM,NDM,IMP/NDM/VIM,mCIM(+)/eCIM(+),Class B,Klebsiella oxytoca,NA,NA,(+),NDM,NDM
32618,K.OXYTOCA,NDM,IMP/NDM/VIM,NDM,IMP/NDM/VIM,mCIM(+)/eCIM(+),Class B,Klebsiella oxytoca,NA,NA,(+),NDM,NDM
32621,K.OXYTOCA,NDM,IMP/NDM/VIM,NDM,IMP/NDM/VIM,mCIM(+)/eCIM(+),Class B,Klebsiella oxytoca,NA,NA,(+),NDM,NDM
32778,K.OXYTOCA,NDM,IMP/NDM/VIM,NDM,IMP/NDM/VIM,mCIM(+)/eCIM(+),Class B,Klebsiella oxytoca,NA,NA,(+),NDM,NDM
31748,K.OXYTOCA,VIM,IMP/NDM/VIM,Negative,Negative,mCIM(+)/eCIM(+),Class B,Klebsiella oxytoca,NA,NA,(+),VIM,Negative
31756,K.OXYTOCA,VIM,IMP/NDM/VIM,VIM,IMP/NDM/VIM,mCIM(+)/eCIM(+),Class B,Klebsiella oxytoca,NA,NA,(+),VIM,VIM
31898,K.OXYTOCA,VIM,IMP/NDM/VIM,VIM,IMP/NDM/VIM,mCIM(+)/eCIM(+),Class B,Klebsiella oxytoca,NA,NA,(+),VIM,VIM
31905,K.OXYTOCA,VIM,IMP/NDM/VIM,VIM,IMP/NDM/VIM,mCIM(+)/eCIM(+),Class B,Klebsiella oxytoca,NA,NA,(+),VIM,VIM
31911,K.OXYTOCA,VIM,IMP/NDM/VIM,VIM,IMP/NDM/VIM,mCIM(+)/eCIM(+),Class B,Klebsiella oxytoca,NA,NA,(+),VIM,VIM
32114,K.OXYTOCA,VIM,IMP/NDM/VIM,VIM,IMP/NDM/VIM,mCIM(+)/eCIM(+),Class B,Klebsiella oxytoca,NA,NA,(+),VIM,VIM
32161,K.OXYTOCA,VIM,IMP/NDM/VIM,VIM,IMP/NDM/VIM,mCIM(+)/eCIM(+),Class B,Klebsiella oxytoca,NA,NA,(+),VIM,VIM
32953,KP,Negative,Negative,Negative,Negative,mCIM(-)/eCIM(-),Negative,Klebsiella pneumoniae,(-),(-),(-),Negative,Negative
32954,KP,Negative,Negative,Negative,Negative,mCIM(-)/eCIM(-),Negative,Klebsiella pneumoniae,(-),(-),(-),Negative,Negative
32956,KP,Negative,Negative,Negative,Negative,mCIM(-)/eCIM(-),Class Unknown,Klebsiella pneumoniae,(-),(-),(-),Negative,Negative
32961,KP,Negative,Negative,Negative,Negative,mCIM(-)/eCIM(-),Negative,Klebsiella pneumoniae,(-),(-),(-),Negative,Negative
32972,KP,Negative,Negative,Negative,Negative,mCIM(-)/eCIM(-),Negative,Klebsiella pneumoniae,(-),(-),(-),Negative,Negative
32975,KP,Negative,Negative,Negative,Negative,mCIM(-)/eCIM(-),Negative,Klebsiella pneumoniae,(-),(-),(-),Negative,Negative
32978,KP,Negative,Negative,KPC+NDM,Others,mCIM(+)/eCIM(-),Class Unknown,Klebsiella pneumoniae,(+),(+),(+),Negative,Negative
33003,KP,Negative,Negative,Negative,Negative,mCIM(-)/eCIM(-),Negative,Klebsiella pneumoniae,(-),(+),(-),Negative,Negative
33007,KP,Negative,Negative,Negative,Negative,mCIM(-)/eCIM(-),Class Unknown,Klebsiella pneumoniae,(-),(-),(-),Negative,Negative
33008,KP,Negative,Negative,Negative,Negative,mCIM(-)/eCIM(-),Negative,Klebsiella pneumoniae,(-),(-),(-),Negative,Negative
33012,KP,Negative,Negative,Negative,Negative,mCIM(-)/eCIM(-),Negative,Klebsiella pneumoniae,(-),(-),(-),Negative,Negative
33015,KP,Negative,Negative,Negative,Negative,mCIM(-)/eCIM(-),Negative,Klebsiella pneumoniae,(-),(-),(-),Negative,Negative
33018,KP,Negative,Negative,Negative,Negative,mCIM(-)/eCIM(-),Negative,Klebsiella pneumoniae,(-),(-),(-),Negative,Negative
33026,KP,Negative,Negative,Negative,Negative,mCIM(-)/eCIM(-),Negative,Klebsiella pneumoniae,(-),(-),(-),Negative,Negative
33034,KP,Negative,Negative,Negative,Negative,mCIM(-)/eCIM(-),Negative,Klebsiella pneumoniae,(-),(+),(-),Negative,Negative
33049,KP,Negative,Negative,KPC,KPC/OXA,mCIM(+)/eCIM(-),Class Unknown,Klebsiella pneumoniae,(+),(+),(+),Negative,Negative
33051,KP,Negative,Negative,Negative,Negative,mCIM(-)/eCIM(-),Negative,Klebsiella pneumoniae,(-),(-),(-),Negative,Negative
33078,KP,Negative,Negative,Negative,Negative,mCIM(-)/eCIM(-),Negative,Klebsiella pneumoniae,(-),(-),(-),Negative,Negative
33080,KP,Negative,Negative,Negative,Negative,mCIM(-)/eCIM(-),Negative,Klebsiella pneumoniae,(-),(-),(-),Negative,Negative
33081,KP,Negative,Negative,Negative,Negative,mCIM(-)/eCIM(-),Negative,Klebsiella pneumoniae,(-),(-),(-),Negative,Negative
33084,KP,Negative,Negative,Negative,Negative,mCIM(-)/eCIM(-),Class Unknown,Klebsiella pneumoniae,(-),(-),(-),Negative,Negative
33092,KP,Negative,Negative,Negative,Negative,mCIM(-)/eCIM(-),Negative,Klebsiella pneumoniae,(-),(-),(-),Negative,Negative
33093,KP,Negative,Negative,Negative,Negative,mCIM(-)/eCIM(-),Negative,Klebsiella pneumoniae,(-),(-),(-),Negative,Negative
33098,KP,Negative,Negative,Negative,Negative,mCIM(-)/eCIM(-),Negative,Klebsiella pneumoniae,(-),(-),(-),Negative,Negative
33103,KP,Negative,Negative,Negative,Negative,mCIM(-)/eCIM(-),Negative,Klebsiella pneumoniae,(-),(-),(-),Negative,Negative
33109,KP,Negative,Negative,Negative,Negative,mCIM(+)/eCIM(-),Class Unknown,Klebsiella pneumoniae,(+),(+),(+),Negative,Negative
33113,KP,Negative,Negative,KPC,KPC/OXA,mCIM(+)/eCIM(+),Class Unknown,Klebsiella pneumoniae,(+),(+),(+),Negative,Negative
33126,KP,Negative,Negative,KPC,KPC/OXA,mCIM(+)/eCIM(-),Class A or D,Klebsiella pneumoniae,(+),(+),(+),Negative,KPC
33146,KP,Negative,Negative,Negative,Negative,mCIM(-)/eCIM(-),Negative,Klebsiella pneumoniae,(-),(-),(-),Negative,Negative
33147,KP,Negative,Negative,Negative,Negative,mCIM(-)/eCIM(-),Negative,Klebsiella pneumoniae,(-),(+),(-),Negative,Negative
33148,KP,Negative,Negative,Negative,Negative,mCIM(-)/eCIM(-),Negative,Klebsiella pneumoniae,(-),(-),(-),Negative,Negative
33153,KP,Negative,Negative,Negative,Negative,mCIM(-)/eCIM(-),Class Unknown,Klebsiella pneumoniae,(-),(-),(-),Negative,Negative
33155,KP,Negative,Negative,KPC,KPC/OXA,mCIM(+)/eCIM(+),Class Unknown,Klebsiella pneumoniae,(+),(+),(+),Negative,Negative
33156,KP,Negative,Negative,Negative,Negative,mCIM(-)/eCIM(-),Negative,Klebsiella pneumoniae,(-),(-),(-),Negative,Negative
33159,KP,Negative,Negative,Negative,Negative,mCIM(-)/eCIM(-),Negative,Klebsiella pneumoniae,(-),(+),(-),Negative,Negative
33163,KP,Negative,Negative,KPC,KPC/OXA,mCIM(+)/eCIM(+),Class Unknown,Klebsiella pneumoniae,(+),(+),(+),Negative,Negative
33169,KP,Negative,Negative,Negative,Negative,mCIM(-)/eCIM(-),Class Unknown,Klebsiella pneumoniae,(-),(-),(-),Negative,Negative
33173,KP,Negative,Negative,Negative,Negative,mCIM(-)/eCIM(-),Class A or D,Klebsiella pneumoniae,(-),(-),(-),Negative,Negative
33177,KP,Negative,Negative,Negative,Negative,mCIM(-)/eCIM(-),Negative,Klebsiella pneumoniae,(-),(-),(-),Negative,Negative
33178,KP,Negative,Negative,KPC,KPC/OXA,mCIM(-)/eCIM(-),Class Unknown,Klebsiella pneumoniae,(-),(+),(-),Negative,Negative
33181,KP,Negative,Negative,Negative,Negative,mCIM(-)/eCIM(-),Negative,Klebsiella pneumoniae,(-),(-),(-),Negative,Negative
33183,KP,Negative,Negative,Negative,Negative,mCIM(-)/eCIM(-),Negative,Klebsiella pneumoniae,(-),(-),(-),Negative,Negative
33187,KP,Negative,Negative,Negative,Negative,mCIM(-)/eCIM(-),Negative,Klebsiella pneumoniae,(-),(-),(-),Negative,Negative
33193,KP,Negative,Negative,Negative,Negative,mCIM(-)/eCIM(-),Negative,Klebsiella pneumoniae,(-),(-),(-),Negative,Negative
33196,KP,Negative,Negative,Negative,Negative,mCIM(-)/eCIM(-),Class A or D,Klebsiella pneumoniae,(-),(-),(-),Negative,Negative
33197,KP,Negative,Negative,Negative,Negative,mCIM(-)/eCIM(-),Negative,Klebsiella pneumoniae,(-),(-),(-),Negative,Negative
33200,KP,Negative,Negative,Negative,Negative,mCIM(-)/eCIM(-),Negative,Klebsiella pneumoniae,(-),(-),(-),Negative,Negative
33202,KP,Negative,Negative,KPC,KPC/OXA,mCIM(+)/eCIM(+),Class Unknown,Klebsiella pneumoniae,(+),(+),(+),Negative,Negative
33205,KP,Negative,Negative,Negative,Negative,mCIM(-)/eCIM(-),Negative,Klebsiella pneumoniae,(-),(+),(-),Negative,Negative
33206,KP,Negative,Negative,KPC,KPC/OXA,mCIM(+)/eCIM(-),Class A or D,Klebsiella pneumoniae,(+),(+),(+),Negative,KPC
33207,KP,Negative,Negative,KPC,KPC/OXA,mCIM(+)/eCIM(+),Class Unknown,Klebsiella pneumoniae,(+),(+),(+),Negative,Negative
33209,KP,Negative,Negative,Negative,Negative,mCIM(-)/eCIM(-),Class Unknown,Klebsiella pneumoniae,(-),(-),(-),Negative,Negative
33216,KP,Negative,Negative,KPC,KPC/OXA,mCIM(+)/eCIM(-),Class Unknown,Klebsiella pneumoniae,(+),(+),(+),Negative,Negative
33224,KP,Negative,Negative,Negative,Negative,mCIM(-)/eCIM(-),Negative,Klebsiella pneumoniae,(-),(-),(-),Negative,Negative
33226,KP,Negative,Negative,Negative,Negative,mCIM(-)/eCIM(-),Negative,Klebsiella pneumoniae,(-),(+),(-),Negative,Negative
33227,KP,Negative,Negative,Negative,Negative,mCIM(-)/eCIM(-),Negative,Klebsiella pneumoniae,(-),(-),(-),Negative,Negative
33229,KP,Negative,Negative,Negative,Negative,mCIM(-)/eCIM(-),Negative,Klebsiella pneumoniae,(-),(-),(-),Negative,Negative
33233,KP,Negative,Negative,OXA,KPC/OXA,mCIM(-)/eCIM(-),Negative,Klebsiella pneumoniae,(-),(-),(-),Negative,Negative
33234,KP,Negative,Negative,KPC,KPC/OXA,mCIM(+)/eCIM(+),Class Unknown,Klebsiella pneumoniae,(+),(+),(+),Negative,Negative
33245,KP,Negative,Negative,Negative,Negative,mCIM(-)/eCIM(-),Negative,Klebsiella pneumoniae,(-),(-),(-),Negative,Negative
33250,KP,Negative,Negative,Negative,Negative,mCIM(-)/eCIM(-),Negative,Klebsiella pneumoniae,(-),(-),(-),Negative,Negative
33251,KP,Negative,Negative,Negative,Negative,mCIM(-)/eCIM(-),Class B,Klebsiella pneumoniae,(-),(-),(-),Negative,Negative
33257,KP,Negative,Negative,Negative,Negative,mCIM(-)/eCIM(-),Negative,Klebsiella pneumoniae,(-),(-),(-),Negative,Negative
33263,KP,Negative,Negative,Negative,Negative,mCIM(-)/eCIM(-),Negative,Klebsiella pneumoniae,(-),(-),(-),Negative,Negative
33268,KP,Negative,Negative,Negative,Negative,mCIM(-)/eCIM(-),Negative,Klebsiella pneumoniae,(-),(-),(-),Negative,Negative
33282,KP,Negative,Negative,Negative,Negative,mCIM(-)/eCIM(-),Negative,Klebsiella pneumoniae,(-),(+),(-),Negative,Negative
33289,KP,Negative,Negative,Negative,Negative,mCIM(-)/eCIM(-),Negative,Klebsiella pneumoniae,(-),(+),(-),Negative,Negative
33297,KP,Negative,Negative,Negative,Negative,mCIM(-)/eCIM(-),Class B,Klebsiella pneumoniae,(-),(-),(-),Negative,Negative
33308,KP,Negative,Negative,Negative,Negative,mCIM(-)/eCIM(-),Negative,Klebsiella pneumoniae,(-),(+),(-),Negative,Negative
33316,KP,Negative,Negative,KPC,KPC/OXA,mCIM(+)/eCIM(-),Class Unknown,Klebsiella pneumoniae,(+),(+),(+),Negative,Negative
33317,KP,Negative,Negative,Negative,Negative,mCIM(-)/eCIM(-),Negative,Klebsiella pneumoniae,(-),(-),(-),Negative,Negative
33320,KP,Negative,Negative,Negative,Negative,mCIM(-)/eCIM(-),Negative,Klebsiella pneumoniae,(-),(+),(-),Negative,Negative
33322,KP,Negative,Negative,Negative,Negative,mCIM(-)/eCIM(-),Class Unknown,Klebsiella pneumoniae,(-),(-),(-),Negative,Negative
33326,KP,Negative,Negative,Negative,Negative,mCIM(-)/eCIM(-),Negative,Klebsiella pneumoniae,(-),(-),(-),Negative,Negative
33327,KP,Negative,Negative,Negative,Negative,mCIM(-)/eCIM(-),Negative,Klebsiella pneumoniae,(-),(-),(-),Negative,Negative
33329,KP,Negative,Negative,Negative,Negative,mCIM(-)/eCIM(-),Negative,Klebsiella pneumoniae,(-),(-),(-),Negative,Negative
33331,KP,Negative,Negative,Negative,Negative,mCIM(-)/eCIM(-),Negative,Klebsiella pneumoniae,(-),(-),(-),Negative,Negative
33335,KP,Negative,Negative,Negative,Negative,mCIM(-)/eCIM(-),Negative,Klebsiella pneumoniae,(-),(-),(-),Negative,Negative
33341,KP,Negative,Negative,Negative,Negative,mCIM(-)/eCIM(-),Class B,Klebsiella pneumoniae,(-),(-),(-),Negative,Negative
33342,KP,Negative,Negative,Negative,Negative,mCIM(-)/eCIM(-),Class B,Klebsiella pneumoniae,(-),(-),(-),Negative,Negative
33346,KP,Negative,Negative,Negative,Negative,mCIM(-)/eCIM(-),Negative,Klebsiella pneumoniae,(-),(+),(-),Negative,Negative
33349,KP,Negative,Negative,Negative,Negative,mCIM(-)/eCIM(-),Negative,Klebsiella pneumoniae,(-),(-),(-),Negative,Negative
33354,KP,Negative,Negative,Negative,Negative,mCIM(-)/eCIM(-),Negative,Klebsiella pneumoniae,(-),(-),(-),Negative,Negative
33358,KP,Negative,Negative,Negative,Negative,mCIM(-)/eCIM(-),Negative,Klebsiella pneumoniae,(-),(-),(-),Negative,Negative
33367,KP,Negative,Negative,Negative,Negative,mCIM(-)/eCIM(-),Negative,Klebsiella pneumoniae,(-),(-),(-),Negative,Negative
33368,KP,Negative,Negative,Negative,Negative,mCIM(-)/eCIM(-),Negative,Klebsiella pneumoniae,(-),(-),(-),Negative,Negative
33370,KP,Negative,Negative,Negative,Negative,mCIM(-)/eCIM(-),Negative,Klebsiella pneumoniae,(-),(-),(-),Negative,Negative
33372,KP,Negative,Negative,Negative,Negative,mCIM(-)/eCIM(-),Negative,Klebsiella pneumoniae,(-),(-),(-),Negative,Negative
33377,KP,Negative,Negative,Negative,Negative,mCIM(-)/eCIM(-),Class B,Klebsiella pneumoniae,(-),(-),(-),Negative,Negative
33384,KP,Negative,Negative,KPC+NDM,Others,mCIM(+)/eCIM(-),Class Unknown,Klebsiella pneumoniae,(+),(+),(+),Negative,Negative
33392,KP,Negative,Negative,Negative,Negative,mCIM(-)/eCIM(-),Negative,Klebsiella pneumoniae,(-),(-),(-),Negative,Negative
33403,KP,Negative,Negative,Negative,Negative,mCIM(-)/eCIM(-),Class B,Klebsiella pneumoniae,(-),(-),(-),Negative,Negative
32843,EC,Negative,Negative,Negative,Negative,mCIM(-)/eCIM(-),Negative,Escherichia coli,NA,NA,(-),Negative,Negative
32903,EC,Negative,Negative,Negative,Negative,mCIM(-)/eCIM(-),Negative,Escherichia coli,NA,NA,(-),Negative,Negative
32917,EC,Negative,Negative,Negative,Negative,mCIM(-)/eCIM(-),Class B,Escherichia coli,NA,NA,(-),Negative,Negative
32920,EC,Negative,Negative,Negative,Negative,mCIM(-)/eCIM(-),Class B,Escherichia coli,NA,NA,(-),Negative,Negative
32922,EC,Negative,Negative,Negative,Negative,mCIM(-)/eCIM(-),Class Unknown,Escherichia coli,NA,NA,(-),Negative,Negative
32973,EC,Negative,Negative,Negative,Negative,mCIM(-)/eCIM(-),Negative,Escherichia coli,NA,NA,(-),Negative,Negative
32979,EC,Negative,Negative,Negative,Negative,mCIM(-)/eCIM(-),Negative,Escherichia coli,NA,NA,(-),Negative,Negative
33005,EC,Negative,Negative,Negative,Negative,mCIM(-)/eCIM(-),Negative,Escherichia coli,NA,NA,(-),Negative,Negative
33010,EC,Negative,Negative,Negative,Negative,mCIM(-)/eCIM(-),Negative,Escherichia coli,NA,NA,(-),Negative,Negative
33019,EC,Negative,Negative,Negative,Negative,mCIM(-)/eCIM(-),Negative,Escherichia coli,NA,NA,(-),Negative,Negative
33057,EC,Negative,Negative,Negative,Negative,mCIM(-)/eCIM(-),Class B,Escherichia coli,NA,NA,(-),Negative,Negative
33090,EC,Negative,Negative,Negative,Negative,mCIM(-)/eCIM(-),Negative,Escherichia coli,NA,NA,(-),Negative,Negative
33110,EC,Negative,Negative,Negative,Negative,mCIM(-)/eCIM(-),Negative,Escherichia coli,NA,NA,(-),Negative,Negative
33117,EC,Negative,Negative,Negative,Negative,mCIM(-)/eCIM(-),Class Unknown,Escherichia coli,NA,NA,(-),Negative,Negative
33118,EC,Negative,Negative,Negative,Negative,mCIM(-)/eCIM(-),Class B,Escherichia coli,NA,NA,(-),Negative,Negative
33137,EC,Negative,Negative,Negative,Negative,mCIM(-)/eCIM(-),Negative,Escherichia coli,NA,NA,(-),Negative,Negative
33164,EC,Negative,Negative,Negative,Negative,mCIM(-)/eCIM(-),Negative,Escherichia coli,NA,NA,(-),Negative,Negative
33166,EC,Negative,Negative,Negative,Negative,mCIM(-)/eCIM(-),Negative,Escherichia coli,NA,NA,(-),Negative,Negative
33182,EC,Negative,Negative,Negative,Negative,mCIM(-)/eCIM(-),Class B,Escherichia coli,NA,NA,(-),Negative,Negative
33191,EC,Negative,Negative,Negative,Negative,mCIM(-)/eCIM(-),Negative,Escherichia coli,NA,NA,(-),Negative,Negative
33231,EC,Negative,Negative,Negative,Negative,mCIM(-)/eCIM(-),Negative,Escherichia coli,NA,NA,(-),Negative,Negative
33258,EC,Negative,Negative,Negative,Negative,mCIM(-)/eCIM(-),Class B,Escherichia coli,NA,NA,(-),Negative,Negative
33264,EC,Negative,Negative,Negative,Negative,mCIM(-)/eCIM(-),Negative,Escherichia coli,NA,NA,(-),Negative,Negative
33278,EC,Negative,Negative,Negative,Negative,mCIM(-)/eCIM(-),Class A or D,Escherichia coli,NA,NA,(-),Negative,Negative
33340,EC,Negative,Negative,Negative,Negative,mCIM(-)/eCIM(-),Negative,Escherichia coli,NA,NA,(-),Negative,Negative
33351,EC,Negative,Negative,Negative,Negative,mCIM(-)/eCIM(-),Negative,Escherichia coli,NA,NA,(-),Negative,Negative
33355,EC,Negative,Negative,Negative,Negative,mCIM(-)/eCIM(-),Negative,Escherichia coli,NA,NA,(-),Negative,Negative
33375,EC,Negative,Negative,Negative,Negative,mCIM(-)/eCIM(-),Class A or D,Escherichia coli,NA,NA,(-),Negative,Negative
33379,EC,Negative,Negative,KPC,KPC/OXA,mCIM(+)/eCIM(-),Class A or D,Escherichia coli,NA,NA,(+),Negative,KPC
32958,ENT.CLOACAE,Negative,Negative,Negative,Negative,mCIM(-)/eCIM(-),Negative,Enterobacter cloacae complex,NA,NA,(-),Negative,Negative
32974,ENT.CLOACAE,Negative,Negative,Negative,Negative,mCIM(-)/eCIM(-),Negative,Enterobacter cloacae complex,NA,NA,(-),Negative,Negative
33001,ENT.CLOACAE,Negative,Negative,Negative,Negative,mCIM(-)/eCIM(-),Negative,Enterobacter cloacae complex,NA,NA,(-),Negative,Negative
33041,ENT.CLOACAE,Negative,Negative,Negative,Negative,mCIM(-)/eCIM(-),Negative,Enterobacter cloacae complex,NA,NA,(-),Negative,Negative
33042,ENT.CLOACAE,Negative,Negative,Negative,Negative,mCIM(-)/eCIM(-),Negative,Enterobacter cloacae complex,NA,NA,(-),Negative,Negative
33045,ENT.CLOACAE,Negative,Negative,Negative,Negative,mCIM(-)/eCIM(-),Negative,Enterobacter cloacae complex,NA,NA,(-),Negative,Negative
33047,ENT.CLOACAE,Negative,Negative,Negative,Negative,mCIM(-)/eCIM(-),Negative,Enterobacter cloacae complex,NA,NA,(-),Negative,Negative
33069,ENT.CLOACAE,Negative,Negative,Negative,Negative,mCIM(-)/eCIM(-),Negative,Enterobacter cloacae complex,NA,NA,(-),Negative,Negative
33073,ENT.CLOACAE,Negative,Negative,Negative,Negative,mCIM(-)/eCIM(-),Negative,Enterobacter cloacae complex,NA,NA,(-),Negative,Negative
33085,ENT.CLOACAE,Negative,Negative,IMP,IMP/NDM/VIM,mCIM(+)/eCIM(+),Class B,Enterobacter cloacae complex,NA,NA,(+),Negative,Negative
33129,ENT.CLOACAE,Negative,Negative,Negative,Negative,mCIM(-)/eCIM(-),Negative,Enterobacter cloacae complex,NA,NA,(-),Negative,Negative
33131,ENT.CLOACAE,Negative,Negative,Negative,Negative,mCIM(-)/eCIM(-),Negative,Enterobacter cloacae complex,NA,NA,(-),Negative,Negative
33136,ENT.CLOACAE,Negative,Negative,IMP,IMP/NDM/VIM,mCIM(+)/eCIM(+),Class B,Enterobacter cloacae complex,NA,NA,(+),Negative,Negative
33139,ENT.CLOACAE,Negative,Negative,Negative,Negative,mCIM(-)/eCIM(-),Negative,Enterobacter cloacae complex,NA,NA,(-),Negative,Negative
33142,ENT.CLOACAE,Negative,Negative,Negative,Negative,mCIM(-)/eCIM(-),Negative,Enterobacter cloacae complex,NA,NA,(-),Negative,Negative
33145,ENT.CLOACAE,Negative,Negative,Negative,Negative,mCIM(-)/eCIM(-),Negative,Enterobacter cloacae complex,NA,NA,(-),Negative,Negative
33150,ENT.CLOACAE,Negative,Negative,Negative,Negative,mCIM(-)/eCIM(-),Negative,Enterobacter cloacae complex,NA,NA,(-),Negative,Negative
33151,ENT.CLOACAE,Negative,Negative,Negative,Negative,mCIM(-)/eCIM(-),Negative,Enterobacter cloacae complex,NA,NA,(-),Negative,Negative
33165,ENT.CLOACAE,Negative,Negative,Negative,Negative,mCIM(-)/eCIM(-),Negative,Enterobacter cloacae complex,NA,NA,(-),Negative,Negative
33189,ENT.CLOACAE,Negative,Negative,Negative,Negative,mCIM(-)/eCIM(-),Negative,Enterobacter cloacae complex,NA,NA,(-),Negative,Negative
33190,ENT.CLOACAE,Negative,Negative,Negative,Negative,mCIM(-)/eCIM(-),Negative,Enterobacter cloacae complex,NA,NA,(-),Negative,Negative
33201,ENT.CLOACAE,Negative,Negative,Negative,Negative,mCIM(-)/eCIM(-),Negative,Enterobacter cloacae complex,NA,NA,(-),Negative,Negative
33210,ENT.CLOACAE,Negative,Negative,Negative,Negative,mCIM(-)/eCIM(-),Negative,Enterobacter cloacae complex,NA,NA,(-),Negative,Negative
33214,ENT.CLOACAE,Negative,Negative,Negative,Negative,mCIM(-)/eCIM(-),Negative,Enterobacter cloacae complex,NA,NA,(-),Negative,Negative
33217,ENT.CLOACAE,Negative,Negative,Negative,Negative,mCIM(-)/eCIM(-),Negative,Enterobacter cloacae complex,NA,NA,(-),Negative,Negative
33232,ENT.CLOACAE,Negative,Negative,Negative,Negative,mCIM(-)/eCIM(-),Negative,Enterobacter cloacae complex,NA,NA,(-),Negative,Negative
33241,ENT.CLOACAE,Negative,Negative,Negative,Negative,mCIM(-)/eCIM(-),Negative,Enterobacter cloacae complex,NA,NA,(-),Negative,Negative
33247,ENT.CLOACAE,Negative,Negative,Negative,Negative,mCIM(-)/eCIM(-),Negative,Enterobacter cloacae complex,NA,NA,(-),Negative,Negative
33280,ENT.CLOACAE,Negative,Negative,Negative,Negative,mCIM(-)/eCIM(-),Negative,Enterobacter cloacae complex,NA,NA,(-),Negative,Negative
33285,ENT.CLOACAE,Negative,Negative,Negative,Negative,mCIM(-)/eCIM(-),Negative,Enterobacter cloacae complex,NA,NA,(-),Negative,Negative
33287,ENT.CLOACAE,Negative,Negative,Negative,Negative,mCIM(-)/eCIM(-),Negative,Enterobacter cloacae complex,NA,NA,(-),Negative,Negative
33309,ENT.CLOACAE,Negative,Negative,Negative,Negative,mCIM(-)/eCIM(-),Negative,Enterobacter cloacae complex,NA,NA,(-),Negative,Negative
33325,ENT.CLOACAE,Negative,Negative,Negative,Negative,mCIM(-)/eCIM(-),Negative,Enterobacter cloacae complex,NA,NA,(-),Negative,Negative
33328,ENT.CLOACAE,Negative,Negative,Negative,Negative,mCIM(-)/eCIM(-),Negative,Enterobacter cloacae complex,NA,NA,(-),Negative,Negative
33330,ENT.CLOACAE,Negative,Negative,Negative,Negative,mCIM(-)/eCIM(-),Negative,Enterobacter cloacae complex,NA,NA,(-),Negative,Negative
33333,ENT.CLOACAE,Negative,Negative,Negative,Negative,mCIM(-)/eCIM(-),Negative,Enterobacter cloacae complex,NA,NA,(-),Negative,Negative
33334,ENT.CLOACAE,Negative,Negative,Negative,Negative,mCIM(-)/eCIM(-),Negative,Enterobacter cloacae complex,NA,NA,(-),Negative,Negative
32570,K.AEROGENES,Negative,Negative,Negative,Negative,mCIM(-)/eCIM(-),Class B,Klebsiella aerogenes,NA,NA,(-),Negative,Negative
32632,K.AEROGENES,Negative,Negative,Negative,Negative,mCIM(-)/eCIM(-),Negative,Klebsiella aerogenes,NA,NA,(-),Negative,Negative
32647,K.AEROGENES,Negative,Negative,Negative,Negative,mCIM(-)/eCIM(-),Negative,Klebsiella aerogenes,NA,NA,(-),Negative,Negative
32713,K.AEROGENES,Negative,Negative,Negative,Negative,mCIM(-)/eCIM(-),Negative,Klebsiella aerogenes,NA,NA,(-),Negative,Negative
32825,K.AEROGENES,Negative,Negative,Negative,Negative,mCIM(-)/eCIM(-),Negative,Klebsiella aerogenes,NA,NA,(-),Negative,Negative
32841,K.AEROGENES,Negative,Negative,Negative,Negative,mCIM(-)/eCIM(-),Negative,Klebsiella aerogenes,NA,NA,(-),Negative,Negative
32890,K.AEROGENES,Negative,Negative,Negative,Negative,mCIM(-)/eCIM(-),Negative,Klebsiella aerogenes,NA,NA,(-),Negative,Negative
32902,K.AEROGENES,Negative,Negative,Negative,Negative,mCIM(-)/eCIM(-),Negative,Klebsiella aerogenes,NA,NA,(-),Negative,Negative
32934,K.AEROGENES,Negative,Negative,Negative,Negative,mCIM(-)/eCIM(-),Negative,Klebsiella aerogenes,NA,NA,(-),Negative,Negative
33035,K.AEROGENES,Negative,Negative,Negative,Negative,mCIM(-)/eCIM(-),Negative,Klebsiella aerogenes,NA,NA,(-),Negative,Negative
33063,K.AEROGENES,Negative,Negative,Negative,Negative,mCIM(-)/eCIM(-),Negative,Klebsiella aerogenes,NA,NA,(-),Negative,Negative
33204,K.AEROGENES,Negative,Negative,Negative,Negative,mCIM(-)/eCIM(-),Negative,Klebsiella aerogenes,NA,NA,(-),Negative,Negative
33236,K.AEROGENES,Negative,Negative,Negative,Negative,mCIM(-)/eCIM(-),Negative,Klebsiella aerogenes,NA,NA,(-),Negative,Negative
33237,K.AEROGENES,Negative,Negative,Negative,Negative,mCIM(-)/eCIM(-),Negative,Klebsiella aerogenes,NA,NA,(-),Negative,Negative